#{"t_start": 1701518724.9564555, "env_id": "PandaReachDense-v3"}
r,l,t
-12.41041,50,1.253318
-11.221359,50,1.432127
-9.733708,50,1.604269
-14.16948,50,1.805399
-10.857932,50,1.998964
-7.151507,50,2.169135
-10.339463,50,2.329509
-13.046245,50,2.492449
-16.154711,50,2.65161
-0.046814,1,2.656363
-16.601852,50,2.821761
-16.824334,50,3.366373
-13.069766,50,3.545732
-15.31847,50,3.716593
-17.791682,50,3.896827
-14.721964,50,4.085984
-8.326173,50,4.266168
-10.500867,50,4.440777
-12.14865,50,4.595719
-13.68729,50,4.752832
-16.145815,50,4.902339
-10.74889,50,5.486721
-12.856962,50,5.6428
-8.471233,50,5.812609
-17.571593,50,5.99861
-16.06999,50,6.168402
-0.74182,7,6.18785
-14.587164,50,6.338534
-12.655445,50,6.508865
-9.694283,50,6.666819
-13.899232,50,6.849846
-14.00258,50,7.018282
-1.414528,11,7.050894
-11.385143,50,7.60628
-11.854288,50,7.774014
-9.198977,50,7.960471
-12.26865,50,8.15447
-8.707221,50,8.331684
-11.830882,50,8.480578
-8.698656,50,8.651676
-9.499445,50,8.801436
-18.908115,50,8.955773
-13.361896,50,9.103231
-12.534712,50,9.617507
-19.890948,50,9.776459
-0.439011,6,9.812116
-13.116522,50,9.980916
-16.129257,50,10.170952
-15.382993,50,10.344561
-15.872695,50,10.49949
-12.460412,50,10.660045
-16.697801,50,10.820569
-19.418144,50,10.986162
-0.72843,7,11.013098
-9.626941,50,11.17357
-0.307614,4,11.184291
-9.599757,50,11.711909
-13.520698,50,11.861718
-0.181434,3,11.873724
-0.038985,1,11.878572
-15.738645,50,12.04995
-6.567049,50,12.233305
-19.183203,50,12.39415
-15.76654,50,12.537319
-0.934944,9,12.56525
-10.125906,50,12.716062
-15.217439,50,12.885091
-11.009956,50,13.031579
-13.84612,50,13.190511
-8.401192,50,13.708244
-0.101742,2,13.718164
-10.30804,50,13.883335
-16.776158,50,14.0488
-9.09327,50,14.224409
-1.002613,11,14.262579
-14.130852,50,14.435793
-9.528174,50,14.594886
-11.713406,50,14.753566
-11.002265,50,14.936134
-11.888709,50,15.109622
-10.485414,50,15.283676
-16.160543,50,15.889406
-6.895226,50,16.056568
-3.570832,24,16.141223
-9.54467,50,16.332743
-8.779232,50,16.512939
-11.415949,50,16.674381
-13.747377,50,16.83266
-12.617809,50,17.006253
-10.077248,50,17.161391
-8.552017,50,17.326708
-13.590793,50,17.492722
-6.928966,50,18.040006
-8.051811,50,18.209252
-8.748592,50,18.395197
-7.273009,43,18.567256
-9.202887,50,18.736108
-12.129402,50,18.895679
-3.283935,26,18.984281
-7.7017,50,19.138097
-9.355354,50,19.296848
-11.954942,50,19.461275
-10.314473,50,19.623489
-7.365555,50,20.146482
-8.785422,50,20.35594
-14.746,50,20.566049
-12.931048,50,20.74413
-11.906144,50,20.901869
-12.088386,50,21.063993
-10.927043,50,21.2174
-14.600396,50,21.37464
-10.13386,50,21.528728
-15.133092,50,21.686595
-8.363462,50,22.215571
-12.258916,50,22.393043
-11.865546,50,22.575714
-0.727133,10,22.608851
-0.094582,2,22.615252
-15.406288,50,22.775282
-1.983003,20,22.84502
-10.569955,50,23.000022
-9.967204,50,23.163969
-4.996242,34,23.287971
-5.961286,34,23.402466
-13.108595,50,23.566074
-13.39002,50,23.741513
-11.815534,50,24.297042
-17.727692,50,24.482487
-11.876417,50,24.660407
-10.203234,50,24.81886
-0.718254,7,24.835777
-14.353043,50,24.9835
-12.11758,50,25.134357
-8.450315,50,25.294166
-9.307124,50,25.444303
-10.569861,50,25.596213
-12.312426,50,25.742842
-10.378814,50,26.254951
-14.450743,50,26.437723
-7.176107,50,26.626119
-2.36488,21,26.693341
-8.562664,50,26.859656
-3.714884,30,26.963458
-10.19022,50,27.119468
-10.222049,50,27.282405
-0.602082,6,27.298021
-11.730083,50,27.476058
-13.0066,50,27.63267
-15.380175,50,27.790629
-8.926413,50,28.339621
-0.336873,5,28.357396
-2.687761,22,28.437493
-8.118455,50,28.624083
-9.871218,50,28.799131
-9.072754,50,28.960855
-4.25524,30,29.046516
-10.612307,50,29.208328
-7.986238,50,29.351648
-2.028425,16,29.401944
-8.714547,50,29.555053
-9.701163,50,29.708345
-9.466666,50,29.855995
-1.31822,10,29.884697
-4.753533,40,30.399259
-12.173882,50,30.592527
-14.746642,50,30.75882
-6.596891,50,30.925462
-1.384644,10,30.953155
-10.612927,50,31.113033
-0.682347,6,31.128363
-10.383837,50,31.29274
-9.198857,50,31.447226
-2.745682,24,31.522823
-13.038686,50,31.676319
-10.956539,50,31.823384
-7.644075,50,32.37855
-4.076542,33,32.499169
-12.441776,50,32.686556
-3.157505,18,32.756058
-7.446943,50,32.916588
-4.104063,34,33.029326
-10.802371,50,33.189558
-9.668011,50,33.352015
-10.498116,50,33.497545
-8.623602,50,33.652605
-9.248931,50,33.807485
-8.927086,50,33.956877
-4.376541,30,34.415097
-0.893574,9,34.453794
-12.923332,50,34.630498
-9.514993,50,34.809559
-8.465401,50,34.949387
-12.326586,50,35.10779
-8.563485,50,35.257074
-9.451929,50,35.427918
-10.734037,50,35.569539
-0.208701,3,35.578303
-9.154654,50,35.724555
-11.073647,50,35.888276
-13.155105,50,36.435655
-1.020103,9,36.465827
-10.857851,50,36.651274
-12.511497,50,36.816586
-2.118179,20,36.881638
-6.912839,50,37.036614
-6.557916,50,37.202399
-8.690258,50,37.376549
-11.423486,50,37.527482
-0.102693,2,37.533845
-10.259721,50,37.696931
-0.564955,5,37.712581
-5.880169,50,37.885718
-8.870708,50,38.045152
-10.434189,50,38.636878
-3.19391,21,38.710344
-4.738215,34,38.831214
-3.883639,33,38.944029
-4.837492,35,39.059907
-0.536305,6,39.077945
-11.300592,50,39.24066
-10.364254,50,39.400958
-3.028569,24,39.478044
-7.637326,50,39.64815
-10.028999,50,39.808168
-5.633574,41,39.932857
-8.368369,50,40.101333
-6.998636,50,40.697235
-2.170687,17,40.773935
-0.633551,5,40.798143
-1.012791,7,40.815963
-3.625878,23,40.896106
-7.046056,50,41.046364
-9.423135,50,41.201603
-2.072874,15,41.255305
-5.984607,50,41.419241
-5.942526,50,41.58011
-9.41816,50,41.746675
-7.575088,50,41.908866
-8.106839,50,42.07383
-6.087029,50,42.244829
-7.598911,50,42.866839
-7.441286,49,43.032613
-9.297347,50,43.194632
-8.138592,50,43.390071
-8.157247,50,43.5502
-0.208853,4,43.56315
-9.372393,50,43.715409
-6.325861,50,43.880532
-0.152822,2,43.896943
-8.067108,50,44.05419
-8.222722,50,44.220719
-11.178995,50,44.405541
-1.070591,13,44.451275
-0.961321,9,44.480937
-0.415381,4,44.494612
-1.312583,10,44.535326
-1.989769,19,45.016191
-0.176,3,45.026433
-8.269441,48,45.175195
-0.600761,5,45.194299
-3.384695,29,45.288533
-6.847292,50,45.460825
-8.312448,50,45.61925
-8.214698,50,45.781373
-0.945864,8,45.806741
-8.102298,50,45.963153
-1.980608,20,46.036706
-10.589364,50,46.207006
-0.559152,5,46.221467
-1.027632,13,46.26475
-0.546151,6,46.283604
-2.141121,22,46.360079
-1.268796,9,46.394722
-7.985391,50,46.59544
-2.208166,19,46.672194
-6.856882,50,47.254293
-6.782399,50,47.427093
-0.456687,5,47.444644
-8.575755,50,47.611224
-0.749277,6,47.628627
-1.617103,11,47.672382
-3.122452,21,47.748651
-5.495359,50,47.933737
-0.957315,8,47.965983
-7.648829,50,48.145701
-8.678522,50,48.300897
-5.801024,50,48.479942
-8.499489,50,48.661308
-6.525094,50,48.840565
-6.335421,50,49.399922
-0.114678,2,49.405704
-7.563086,50,49.583564
-13.149686,50,49.736123
-7.619835,50,49.88946
-2.372371,20,49.961524
-9.012342,50,50.125942
-9.938174,50,50.281181
-1.4629,15,50.327978
-3.658217,36,50.454172
-0.36733,5,50.468719
-7.338926,50,50.669724
-1.257786,11,50.708564
-9.631869,50,50.888154
-0.794606,7,50.909588
-0.017733,1,50.914059
-8.464421,50,51.486393
-9.591514,50,51.638956
-3.67499,37,51.758367
-2.703603,23,51.847846
-2.686322,22,51.926739
-2.034923,22,52.007409
-4.350708,29,52.09415
-7.177646,50,52.272383
-6.62933,47,52.426728
-4.430567,38,52.562401
-0.257104,3,52.575824
-7.220527,50,52.7589
-0.152879,3,52.769912
-1.926421,16,52.830737
-1.43565,10,52.86663
-1.404088,13,52.913739
-0.90049,7,52.943005
-2.194935,24,53.028532
-7.593619,50,53.202034
-5.704011,47,53.779485
-2.353254,17,53.829606
-0.853858,9,53.865001
-1.851715,18,53.933501
-3.306811,21,54.004619
-11.722621,50,54.16086
-10.43341,50,54.330046
-2.740752,21,54.400387
-1.138622,9,54.430489
-5.96255,50,54.631378
-9.949965,50,54.81463
-2.529037,23,54.888194
-7.635261,50,55.039911
-3.068751,31,55.139372
-0.972997,7,55.157144
-6.056823,50,55.311451
-1.527968,14,55.359363
-0.094296,2,55.74299
-1.01339,9,55.776327
-0.924738,8,55.802806
-7.846291,50,55.966538
-7.770224,50,56.120649
-0.586687,5,56.134929
-1.122583,11,56.174804
-1.350024,12,56.21278
-0.660035,6,56.235979
-2.546068,27,56.332066
-3.306029,26,56.427706
-0.232641,3,56.449381
-1.193631,12,56.503138
-6.122589,50,56.716436
-0.068375,2,56.723661
-3.498658,27,56.821671
-5.536731,50,56.989581
-8.450402,50,57.133438
-0.186952,3,57.143077
-9.716756,50,57.311244
-0.410508,5,57.324634
-0.2861,3,57.333018
-7.351591,50,57.483603
-2.621696,27,57.93845
-10.253021,50,58.082862
-2.981443,21,58.14934
-1.163708,10,58.18053
-0.968524,8,58.207931
-0.8664,9,58.243138
-0.379145,5,58.256825
-4.183578,36,58.373202
-0.654023,7,58.393635
-2.149293,16,58.440836
-7.407578,50,58.628684
-5.959552,50,58.815621
-4.138745,27,58.897451
-1.464066,16,58.948072
-2.472199,22,59.014686
-6.417156,45,59.156767
-0.782003,9,59.183066
-7.055978,50,59.337027
-10.544283,50,59.494627
-1.465836,13,59.95837
-0.429526,5,59.972882
-5.63779,38,60.092102
-9.354345,50,60.245074
-6.095702,50,60.409547
-2.763765,22,60.484201
-0.115781,2,60.49207
-0.11079,2,60.499759
-0.271773,4,60.516127
-5.094785,38,60.663727
-1.127119,13,60.720959
-0.266615,3,60.73293
-0.515134,4,60.751699
-0.684112,7,60.790561
-1.462652,13,60.83542
-0.808642,9,60.872689
-4.20523,32,60.9748
-0.86122,8,61.001512
-3.076204,25,61.081868
-1.383463,11,61.113682
-1.871001,18,61.17019
-3.52095,25,61.259084
-0.729621,7,61.282399
-2.231641,15,61.335169
-0.52157,5,61.350435
-4.370626,34,61.461958
-1.417356,11,61.496446
-1.370642,12,61.537257
-0.601555,6,61.55383
-6.803859,50,62.127362
-2.553211,22,62.206941
-1.01202,11,62.236244
-0.044496,1,62.239455
-9.44345,50,62.407809
-0.635598,7,62.428399
-2.058598,18,62.486691
-0.962493,8,62.509104
-0.197495,3,62.521988
-1.989388,13,62.562021
-2.9309,18,62.631921
-0.269969,4,62.646612
-6.125651,50,62.834356
-0.405558,6,62.856125
-3.103484,21,62.93842
-6.012886,42,63.071457
-1.072084,13,63.115111
-3.028073,34,63.229719
-9.032497,50,63.382307
-1.116548,11,63.424865
-0.232235,4,63.435001
-0.292027,4,63.446704
-2.673358,24,63.52881
-4.218592,29,63.622081
-5.196905,45,63.767285
-0.361748,6,63.785436
-6.005236,47,64.34357
-0.697969,8,64.366612
-5.375069,49,64.580144
-7.30137,38,64.693208
-3.064567,27,64.800548
-2.473229,23,64.892163
-0.675661,8,64.921984
-5.701178,44,65.088871
-0.405335,4,65.102992
-0.126717,2,65.109655
-1.128278,10,65.138745
-0.046182,1,65.141958
-0.252858,3,65.151913
-0.114082,2,65.158086
-6.112473,50,65.351208
-1.127185,12,65.394354
-5.023813,50,65.550449
-0.62729,5,65.567102
-1.603594,10,65.602637
-1.279,14,65.649049
-1.139955,11,65.682682
-1.197623,9,65.723764
-5.055098,50,65.898999
-3.070012,25,65.983664
-0.105454,2,65.994569
-3.311138,24,66.500811
-0.546971,7,66.525211
-1.653022,12,66.569197
-1.719906,18,66.665593
-0.313112,4,66.68737
-0.43245,5,66.703053
-2.508235,20,66.774445
-0.411858,6,66.795702
-0.097139,2,66.802274
-0.228099,3,66.819474
-1.580562,10,66.848894
-3.359037,21,66.930881
-2.567258,27,67.038712
-0.285194,3,67.057513
-0.464599,5,67.082996
-1.445519,11,67.139986
-4.799336,45,67.337018
-3.307796,36,67.458327
-0.404969,5,67.477309
-3.114331,24,67.564288
-1.840214,15,67.621499
-1.479322,18,67.68377
-0.607799,7,67.714045
-5.729718,45,67.869674
-1.39762,13,67.922906
-0.986266,8,67.950365
-5.567782,50,68.138085
-6.648746,50,68.314402
-0.343431,4,68.327024
-0.421819,5,68.34403
-1.013379,8,68.369724
-2.173087,23,68.899879
-5.017997,50,69.073895
-2.23621,23,69.164207
-1.39837,17,69.238508
-1.576148,12,69.287668
-2.453623,28,69.407597
-2.208589,21,69.487802
-1.39781,20,69.555366
-5.751146,50,69.721566
-0.751221,8,69.750317
-1.286301,12,69.785351
-1.235271,10,69.822618
-4.737635,46,69.986751
-1.162678,10,70.021128
-0.358732,5,70.04088
-1.749702,14,70.096207
-0.783312,7,70.126607
-0.900271,8,70.156923
-0.606023,6,70.182112
-3.613339,28,70.284207
-0.213098,3,70.295387
-0.10264,2,70.30291
-0.573187,7,70.334248
-4.417144,32,70.452865
-2.959689,23,70.529057
-0.224163,4,70.543766
-2.685876,25,70.633423
-0.290173,4,70.646988
-0.846133,10,70.680415
-4.044382,29,71.217279
-4.076926,34,71.338886
-3.004065,27,71.440467
-0.739793,7,71.46501
-0.156182,2,71.471875
-1.584464,16,71.538441
-2.308922,21,71.617861
-1.181565,9,71.659116
-0.682787,6,71.685325
-1.184241,10,71.739918
-0.471302,4,71.753112
-0.790132,10,71.793334
-1.414563,12,71.836236
-1.805012,16,71.911457
-0.733146,6,71.927369
-0.837485,6,71.948926
-2.287657,22,72.029996
-1.197078,14,72.078462
-0.039818,1,72.082592
-0.967487,9,72.125577
-2.693809,21,72.205264
-0.647338,8,72.228515
-0.797504,8,72.257252
-2.171624,19,72.32426
-0.790117,6,72.3459
-0.046604,1,72.349219
-0.154634,2,72.356055
-0.431637,6,72.377054
-0.355343,5,72.397819
-0.403981,6,72.423338
-0.820341,8,72.452479
-1.30086,11,72.504316
-2.042059,20,72.588284
-1.230923,10,72.626784
-0.653859,8,72.654502
-0.3316,4,72.67547
-1.410004,13,72.733267
-0.174706,3,72.743572
-1.204768,16,72.807009
-0.653184,9,72.840331
-0.336638,5,72.855963
-5.524716,43,73.006974
-1.018596,12,73.046432
-2.428373,23,73.123535
-1.048029,7,73.5403
-0.740689,8,73.568689
-1.063137,9,73.604421
-0.275409,4,73.618455
-0.795574,7,73.649544
-0.421349,4,73.664858
-0.900789,10,73.704408
-0.106755,2,73.713962
-1.851192,19,73.785465
-0.414876,5,73.806932
-0.697065,8,73.835235
-0.280146,4,73.849296
-1.20282,14,73.901726
-0.364542,4,73.915514
-1.028083,7,73.939078
-1.020151,9,73.983455
-0.471675,6,74.00704
-1.282044,10,74.047352
-0.377891,4,74.060032
-0.937253,13,74.110001
-0.890916,10,74.139586
-1.373677,13,74.190363
-0.102215,2,74.197037
-0.760823,9,74.232829
-1.501655,12,74.281883
-1.131677,12,74.322464
-2.688117,26,74.414819
-0.805071,8,74.436143
-0.290859,3,74.446573
-1.067133,10,74.485326
-0.763711,7,74.50743
-0.922065,13,74.55375
-2.00934,18,74.616719
-0.843068,10,74.645913
-0.306744,4,74.660509
-0.61846,6,74.691171
-0.27858,4,74.704034
-0.340352,4,74.7203
-0.812634,6,74.742304
-2.607317,28,74.854976
-0.034339,1,74.858523
-0.512095,6,74.880303
-0.481529,6,74.899015
-0.699251,6,74.929638
-0.597702,8,74.962196
-0.904505,8,75.003222
-0.732449,7,75.028808
-0.431086,4,75.04575
-0.823373,10,75.094837
-1.727207,19,75.167921
-0.200357,3,75.177592
-1.431271,13,75.226771
-2.406067,25,75.315943
-0.726755,6,75.333538
-0.035493,1,75.33656
-1.389952,13,75.383128
-3.212076,30,75.90294
-0.416315,5,75.921446
-1.2223,12,75.97781
-0.153588,3,75.988709
-1.080401,11,76.043379
-1.913442,19,76.117646
-0.97897,10,76.153483
-0.386076,4,76.167133
-0.744944,7,76.20233
-1.746194,14,76.24916
-0.806544,7,76.27607
-3.476689,23,76.349753
-1.724991,20,76.415982
-0.513729,8,76.438305
-3.381131,27,76.528516
-1.122817,12,76.56464
-0.35655,5,76.579594
-0.409175,4,76.596438
-1.357546,11,76.634455
-0.386403,6,76.656424
-2.843762,25,76.739114
-0.13492,3,76.748898
-2.347765,21,76.815915
-1.325289,12,76.853919
-1.868452,19,76.918974
-3.097225,29,77.019674
-0.814832,8,77.048098
-0.638442,7,77.074633
-0.642082,7,77.099151
-0.07683,2,77.107116
-0.411178,4,77.121361
-0.467398,5,77.141155
-1.426311,13,77.187116
-0.829276,9,77.221014
-0.221655,3,77.230979
-0.971777,9,77.266461
-1.546308,13,77.316776
-0.338859,4,77.33062
-0.409224,6,77.350733
-0.272775,4,77.36943
-0.582086,5,77.386537
-0.676523,10,77.422849
-0.242848,3,77.435441
-2.929489,25,77.520359
-0.459118,4,77.531374
-0.679006,6,77.548357
-0.159129,3,77.55687
-1.028201,13,77.606535
-2.989832,38,78.192981
-1.642977,17,78.253286
-0.626482,6,78.277427
-0.624118,8,78.311893
-0.519271,5,78.328952
-0.321013,4,78.342889
-0.718215,10,78.384506
-0.475081,4,78.401087
-0.662169,6,78.421658
-0.414266,5,78.439329
-1.071788,10,78.486421
-0.533295,6,78.5082
-0.777504,10,78.546328
-0.395964,5,78.564403
-1.97237,21,78.634439
-0.71883,7,78.659284
-0.142038,2,78.665558
-0.702015,7,78.692677
-0.25851,3,78.701007
-0.212302,3,78.713917
-0.373494,4,78.727928
-0.645109,7,78.752835
-0.173883,3,78.763624
-2.158287,20,78.835232
-1.710797,16,78.888445
-0.852287,9,78.923639
-0.382244,5,78.937974
-0.216398,3,78.946706
-0.964931,12,78.986275
-0.341949,4,78.998546
-1.368764,8,79.031576
-1.05405,13,79.074512
-0.715552,8,79.102715
-0.04269,1,79.108151
-0.884538,10,79.141239
-0.834892,9,79.172868
-0.279157,5,79.189649
-0.23117,3,79.201169
-0.437497,4,79.213044
-0.204682,3,79.223068
-0.838447,10,79.261616
-0.53316,6,79.283772
-1.432873,14,79.337676
-0.406416,4,79.350854
-0.353148,5,79.366075
-1.244978,11,79.403924
-0.493239,5,79.423595
-0.900073,10,79.459782
-0.377483,5,79.480051
-0.730844,9,79.513966
-1.002681,9,79.558739
-3.107512,35,79.69031
-0.900372,10,79.728764
-1.306784,14,79.777661
-0.940595,11,79.820073
-1.919103,17,79.883145
-0.315388,5,79.902351
-0.036294,1,79.90822
-0.979759,11,79.961053
-0.390156,4,79.971491
-3.335446,41,80.627648
-0.98005,11,80.672546
-1.094127,12,80.72975
-2.278872,21,80.811067
-0.361402,5,80.833943
-0.977791,8,80.859607
-0.873701,10,80.897986
-0.919439,12,80.937542
-1.161506,13,80.991582
-1.375215,12,81.035417
-0.12926,2,81.04144
-0.123566,2,81.050647
-0.640562,7,81.072917
-2.231131,21,81.148619
-0.190239,3,81.158857
-1.220337,13,81.211972
-0.239629,3,81.220583
-0.682289,5,81.23602
-1.319531,11,81.280746
-1.27534,13,81.323284
-1.811013,21,81.386144
-0.853569,12,81.428304
-0.385983,4,81.440472
-2.69624,27,81.539419
-0.985538,11,81.5722
-1.715241,22,81.639975
-0.306761,4,81.652343
-0.107557,2,81.660834
-0.650107,8,81.688338
-0.295935,4,81.700697
-0.247954,3,81.711882
-1.963153,18,81.782012
-1.139233,11,81.828729
-0.388678,5,81.848185
-0.155222,2,81.855778
-0.033207,1,81.860019
-1.433236,16,81.923086
-0.101791,2,81.930589
-3.981328,39,82.081374
-1.17249,14,82.137097
-0.182566,3,82.148818
-0.283854,4,82.165227
-0.246378,3,82.176574
-0.878847,9,82.212278
-0.328213,4,82.224152
-0.154653,2,82.229541
-2.057409,18,82.307122
-0.047692,1,82.311259
-3.518932,32,82.843537
-0.362773,4,82.860399
-0.457725,5,82.880681
-0.243355,3,82.892109
-0.809194,6,82.915646
-0.293462,4,82.932209
-0.92727,12,82.976985
-0.424217,4,82.993139
-0.394343,4,83.010855
-1.263122,15,83.06821
-3.039911,32,83.201504
-0.384295,4,83.214209
-0.46961,5,83.232437
-0.025848,1,83.236718
-0.617155,7,83.263238
-0.634315,5,83.283273
-1.218836,13,83.324534
-0.341857,5,83.340789
-0.54754,5,83.35639
-0.674952,8,83.382488
-0.275117,3,83.39148
-1.289,12,83.436725
-1.449874,12,83.485959
-0.82233,10,83.52508
-3.699832,41,83.672523
-0.404138,4,83.689026
-1.52947,14,83.731676
-0.916519,9,83.763474
-0.334527,4,83.774578
-1.367681,12,83.815085
-0.654498,9,83.841457
-0.452821,5,83.861352
-0.929549,9,83.895607
-0.417415,4,83.915301
-0.188263,3,83.926943
-0.719696,8,83.960395
-0.901636,7,83.987539
-0.451823,5,84.008051
-0.830749,12,84.049311
-1.236463,13,84.092104
-0.144733,2,84.099066
-0.462029,4,84.116078
-2.620642,24,84.205884
-2.41792,23,84.293494
-0.355674,4,84.308143
-0.466204,5,84.324704
-0.541386,5,84.347
-0.25183,3,84.359636
-1.5223,16,84.418971
-0.196241,3,84.431441
-0.111342,2,84.438792
-0.044476,1,84.443506
-1.166851,15,84.506124
-0.3723,4,84.519288
-0.492362,8,84.542475
-0.53127,5,84.561826
-0.408344,4,84.574447
-0.576009,6,84.593423
-0.1962,3,84.602406
-0.328761,4,84.614216
-0.491996,6,84.634201
-0.472123,8,84.661171
-2.950533,28,85.207997
-0.753596,8,85.24355
-0.097596,2,85.251275
-0.363077,4,85.265973
-2.102003,15,85.338189
-0.150136,2,85.348994
-0.211901,4,85.363998
-0.175514,3,85.374545
-1.056823,11,85.4286
-0.140539,2,85.435259
-0.728095,10,85.487412
-1.897987,17,85.537321
-0.30481,4,85.55963
-0.533724,6,85.577609
-0.383205,5,85.595127
-1.299531,12,85.638531
-0.081307,2,85.645592
-0.116365,2,85.652025
-0.088484,2,85.658179
-3.806762,42,85.801188
-0.724425,6,85.819761
-0.587194,6,85.840623
-0.17909,3,85.851574
-1.002859,11,85.8894
-1.454159,17,85.943867
-0.832547,8,85.973031
-0.469275,4,85.985479
-1.458363,14,86.030246
-0.766041,8,86.054841
-1.231711,10,86.091234
-0.200331,3,86.099879
-0.644921,7,86.123155
-1.494234,18,86.185576
-0.612543,6,86.206443
-1.791091,17,86.266828
-0.749528,8,86.293147
-0.715468,10,86.329114
-0.700454,9,86.356343
-2.573057,26,86.441601
-2.515655,22,86.528597
-1.003921,9,86.564073
-0.022932,1,86.568377
-0.370391,5,86.592063
-0.375397,6,86.614662
-0.490006,7,86.641135
-0.253533,3,86.653452
-0.601448,6,86.680358
-0.404085,5,86.698838
-0.043501,1,86.703649
-0.228422,3,86.715456
-0.257443,4,86.729052
-0.734913,8,86.760431
-1.205594,11,86.80235
-3.094043,23,86.88306
-0.523238,5,86.902006
-0.255895,3,86.913267
-0.03443,1,86.916801
-0.850308,8,86.939754
-0.205143,3,86.948156
-0.527292,6,86.970269
-0.913822,9,87.000355
-0.775095,7,87.493995
-0.512499,7,87.521928
-1.011298,14,87.596282
-0.096091,2,87.602858
-0.484804,4,87.617253
-0.206977,3,87.628773
-0.299904,4,87.643356
-0.252091,3,87.653603
-0.261724,4,87.679646
-0.71076,7,87.705067
-0.522601,5,87.723853
-0.621914,7,87.760583
-0.388507,4,87.771753
-0.511634,6,87.79299
-0.524301,5,87.809602
-1.067491,12,87.862567
-0.462455,4,87.877998
-0.336812,4,87.891137
-0.310304,4,87.902824
-0.036759,1,87.916604
-0.731932,8,87.940147
-0.159945,3,87.949754
-0.815037,8,87.974188
-0.090938,2,87.990806
-0.242601,3,88.001398
-0.808485,7,88.023117
-2.497321,27,88.121443
-0.559158,5,88.139138
-0.236268,3,88.148808
-0.579921,7,88.172174
-0.537248,5,88.188586
-1.150457,12,88.227236
-0.438297,6,88.245353
-0.037052,1,88.248893
-1.419301,16,88.309274
-0.853696,9,88.341319
-1.666632,18,88.40126
-1.109933,13,88.443229
-0.336308,4,88.454983
-0.135132,2,88.460754
-0.128966,2,88.470586
-0.845754,6,88.489214
-0.294349,4,88.502804
-0.373063,5,88.520848
-0.431994,5,88.540072
-0.096924,2,88.548117
-0.187898,3,88.556801
-1.184095,14,88.608964
-0.173441,3,88.619433
-0.36586,4,88.632676
-0.447345,5,88.647915
-0.93445,9,88.681575
-0.863636,8,88.717158
-0.02156,1,88.72251
-0.237052,4,88.740763
-0.650151,8,88.785537
-0.519094,6,88.812673
-0.607551,7,88.839373
-1.221388,11,88.888945
-0.147031,2,88.898375
-0.374181,4,88.91848
-0.61164,6,88.948962
-1.857131,16,89.032035
-0.633513,7,89.064065
-0.656794,8,89.096303
-1.3471,14,89.165547
-0.944375,9,89.193992
-0.916481,9,89.224812
-1.091959,14,89.272988
-0.189064,3,89.2833
-0.761631,6,89.306755
-0.022029,1,89.311134
-0.676808,8,89.333446
-0.315426,4,89.345269
-0.038331,1,89.348578
-0.578934,5,89.372743
-0.154121,3,89.381766
-0.816413,9,89.410161
-0.974421,11,89.451431
-0.214384,3,89.460626
-0.532957,7,89.99499
-0.888752,10,90.033715
-1.203028,10,90.069201
-0.22044,3,90.079399
-0.371824,4,90.094086
-1.777229,21,90.164653
-0.187198,3,90.173672
-0.288419,4,90.185673
-0.732538,8,90.213703
-0.225108,4,90.230095
-0.462354,5,90.24534
-0.177379,3,90.25607
-0.342321,4,90.27404
-0.216504,3,90.282686
-0.472411,6,90.30822
-1.31784,11,90.354322
-0.115265,2,90.364036
-1.35548,14,90.415307
-0.934858,13,90.460907
-0.243794,3,90.469715
-0.821627,7,90.489995
-0.407813,4,90.501587
-0.259287,4,90.51939
-0.386028,4,90.531687
-0.368316,4,90.544339
-0.290389,4,90.555695
-0.120068,2,90.562975
-0.620074,5,90.581102
-0.44405,5,90.600211
-0.54121,5,90.616232
-0.387629,5,90.630182
-0.280459,4,90.644882
-0.555769,8,90.669919
-1.115979,10,90.700845
-0.848885,8,90.730575
-0.885398,8,90.75669
-0.537257,5,90.772404
-0.462796,4,90.785937
-0.137142,3,90.796005
-0.556352,7,90.815632
-0.580619,7,90.840044
-0.454232,6,90.85793
-0.374694,4,90.870365
-0.104568,2,90.878245
-0.293096,4,90.890952
-0.158148,2,90.89722
-0.410182,5,90.918848
-1.65598,18,90.986924
-0.420946,5,91.001902
-0.857796,10,91.033751
-0.602341,7,91.060983
-0.331346,4,91.076544
-0.683007,9,91.109827
-0.530132,7,91.135038
-0.701106,6,91.159212
-1.317981,14,91.214247
-0.374398,5,91.231524
-0.285183,4,91.247156
-0.930992,9,91.295224
-0.701827,7,91.321472
-1.363358,16,91.383983
-1.415123,14,91.441242
-1.754677,14,91.492647
-0.459364,6,91.512241
-0.212716,3,91.523826
-0.201464,3,91.532211
-0.891068,7,91.552219
-0.902322,6,91.571257
-0.461267,4,91.584822
-0.270336,4,91.598692
-0.971301,11,91.629766
-1.066266,10,91.660723
-0.824994,11,91.695523
-0.458698,4,91.713156
-1.055375,10,91.747252
-0.668025,7,91.767373
-0.952549,11,92.277382
-0.637602,9,92.303896
-0.425061,4,92.319361
-0.401345,4,92.330188
-0.670931,9,92.358945
-0.233765,3,92.36692
-0.206376,3,92.378214
-0.438041,6,92.397114
-0.13597,2,92.403559
-0.322183,5,92.420527
-0.483904,6,92.441629
-0.247443,3,92.450894
-0.730267,8,92.476755
-0.739996,7,92.50753
-0.771351,11,92.544474
-0.262086,4,92.555638
-0.282159,3,92.566309
-0.802875,9,92.59751
-0.539193,5,92.618652
-2.529579,23,92.689661
-0.041937,1,92.693216
-1.242111,15,92.743391
-0.51353,6,92.761675
-0.41295,4,92.773016
-0.897044,12,92.810087
-0.448629,5,92.824828
-0.347255,5,92.84307
-0.734808,8,92.869497
-0.966551,11,92.90724
-0.093907,2,92.915078
-0.389774,4,92.925978
-0.678956,9,92.954232
-0.260181,3,92.963444
-1.141128,11,93.002506
-0.043855,1,93.005531
-0.12193,2,93.011989
-0.294697,4,93.023996
-0.091766,2,93.029523
-0.199135,3,93.041223
-0.844582,11,93.074888
-1.208942,12,93.1143
-0.302805,4,93.125438
-0.396977,4,93.137586
-0.377481,4,93.149617
-0.262675,3,93.158114
-0.607943,8,93.187427
-0.123471,2,93.195001
-0.526261,5,93.209721
-0.419915,5,93.224052
-0.243623,4,93.239283
-0.26334,4,93.252165
-1.305105,16,93.301553
-0.205818,3,93.312619
-0.320967,4,93.324323
-0.676427,8,93.346445
-0.597579,7,93.370844
-2.078374,18,93.435407
-0.187784,3,93.448146
-1.028484,10,93.490373
-0.072972,2,93.497994
-0.754279,10,93.536406
-0.231857,3,93.547468
-0.041309,1,93.551508
-0.523828,7,93.579534
-0.747646,9,93.616874
-0.223229,3,93.628427
-0.186237,3,93.639047
-0.31163,4,93.654538
-0.254116,3,93.669134
-0.271396,3,93.681553
-0.359827,5,93.701557
-0.714087,8,93.732622
-0.56045,6,93.758317
-2.669164,29,93.865578
-0.849239,9,93.896256
-0.959163,13,93.942708
-0.207574,3,93.95135
-0.108778,2,93.958469
-0.534011,5,93.97557
-0.947995,9,94.004821
-0.511826,5,94.501846
-0.043587,1,94.506441
-1.675465,17,94.570385
-0.184963,3,94.580453
-0.228963,3,94.595477
-0.347423,4,94.606683
-0.712267,9,94.634424
-0.320719,5,94.65274
-0.203085,3,94.661225
-0.118281,2,94.667477
-0.374172,5,94.682074
-0.104843,2,94.688797
-0.624073,9,94.724655
-0.339222,4,94.735188
-0.502327,7,94.755706
-0.224071,4,94.767464
-0.356023,4,94.788572
-0.084063,2,94.794929
-0.407595,4,94.812709
-0.383689,4,94.825169
-0.483698,5,94.838951
-0.416432,5,94.862429
-0.343144,5,94.880235
-0.804154,9,94.909252
-0.769054,10,94.944044
-0.238952,3,94.952374
-1.137546,13,94.997561
-0.649525,9,95.028775
-0.573949,5,95.043251
-0.480706,7,95.065204
-0.610692,8,95.090563
-0.29968,4,95.103029
-0.199933,3,95.114711
-0.767146,8,95.140172
-0.508395,6,95.160807
-0.287036,3,95.171066
-0.360552,5,95.187489
-0.045628,1,95.191479
-2.563062,30,95.294197
-0.293943,4,95.306975
-0.460225,5,95.321489
-0.276695,3,95.332845
-0.411229,5,95.348905
-0.619626,6,95.368887
-0.512951,5,95.382537
-0.230048,3,95.401251
-0.280564,4,95.412419
-0.206941,3,95.420687
-0.145442,2,95.428317
-0.376599,4,95.440324
-0.348693,4,95.453338
-0.143268,2,95.459535
-0.046354,1,95.4722
-0.119459,2,95.479518
-0.575506,5,95.494984
-0.360026,4,95.5089
-0.418765,4,95.520513
-0.408187,4,95.533118
-0.312422,4,95.5553
-0.727128,6,95.573397
-0.336098,4,95.586011
-0.269763,4,95.599335
-0.245501,3,95.617458
-0.102929,2,95.623131
-0.031702,1,95.626806
-0.156339,3,95.635234
-0.384103,4,95.647133
-0.028304,1,95.65061
-0.110373,2,95.656663
-0.294215,3,95.667529
-0.71437,8,95.701268
-0.302366,4,95.715012
-1.732409,17,95.790543
-0.64289,7,95.815427
-1.472014,17,95.8793
-1.09514,12,95.928204
-1.149993,12,95.972885
-0.488406,5,95.993133
-0.654919,7,96.022471
-0.401827,5,96.040149
-0.455931,6,96.06399
-0.349595,4,96.086725
-0.268135,3,96.097769
-0.514556,4,96.114455
-0.860703,10,96.152494
-0.27276,4,96.168567
-0.11215,2,96.173528
-0.106477,2,96.179812
-0.206454,3,96.190709
-0.659994,6,96.211214
-0.365734,4,96.223541
-0.39438,5,96.240913
-0.160254,2,96.247486
-0.167119,3,96.257453
-0.50017,5,96.273847
-0.45176,4,96.286342
-0.142436,2,96.293141
-0.212574,3,96.314049
-0.235789,3,96.324812
-0.102695,2,96.330172
-0.280321,4,96.861988
-0.234266,3,96.872544
-0.58209,5,96.888965
-0.228811,3,96.908785
-1.40725,15,96.952016
-0.034027,1,96.955512
-0.338184,5,96.97512
-0.234556,3,96.983754
-0.638616,7,97.005295
-2.775334,24,97.086805
-0.57408,5,97.104799
-0.349448,3,97.114675
-0.11565,2,97.11975
-0.545095,7,97.140306
-0.63739,7,97.165507
-0.228857,3,97.173522
-0.469953,5,97.18828
-0.348655,4,97.201486
-0.210705,3,97.210725
-0.388806,4,97.224193
-0.047363,1,97.227374
-0.577726,7,97.249051
-0.457807,4,97.260711
-0.398058,5,97.276759
-0.57904,6,97.296422
-0.327423,4,97.307454
-0.411993,5,97.323564
-0.293801,4,97.334726
-0.772852,8,97.362051
-1.217033,10,97.391081
-0.39451,5,97.405735
-0.457912,4,97.419322
-1.090343,10,97.449187
-0.04093,1,97.452628
-0.571657,7,97.478222
-0.579984,8,97.500873
-0.455807,4,97.513756
-0.501313,7,97.538321
-0.405029,5,97.554389
-0.273957,4,97.567979
-0.101129,2,97.573462
-0.291149,3,97.582191
-0.484894,5,97.597032
-0.336244,4,97.612526
-0.768334,6,97.631091
-0.571529,5,97.646477
-0.663906,6,97.66803
-0.296816,3,97.677765
-1.794115,18,97.734036
-0.913303,10,97.763216
-0.176145,3,97.772038
-0.36693,4,97.783868
-0.151664,3,97.797125
-0.130025,2,97.803944
-0.4693,7,97.824463
-0.258815,3,97.83239
-0.433857,4,97.844841
-0.175265,3,97.85633
-0.331068,3,97.865701
-2.431852,23,97.946026
-0.32528,5,97.961828
-0.651143,9,97.993387
-0.404961,6,98.012732
-0.298381,3,98.021307
-0.353403,4,98.032451
-0.219068,3,98.040724
-1.200713,14,98.092016
-0.60009,5,98.107812
-0.415722,4,98.120786
-0.183106,3,98.132498
-0.173534,3,98.14101
-0.227476,3,98.149039
-2.605716,27,98.25459
-0.34176,4,98.269846
-5.525667,49,98.460942
-1.316708,15,98.525511
-1.631652,15,98.577174
-0.226138,3,99.06438
-0.304462,4,99.079956
-0.205661,3,99.090688
-0.362149,5,99.111218
-0.043999,1,99.115874
-0.91683,10,99.154058
-0.62412,7,99.175432
-0.870773,9,99.208792
-0.34613,5,99.223148
-0.550736,6,99.244446
-0.181206,3,99.253801
-0.448982,6,99.278301
-0.253653,3,99.288274
-0.205455,4,99.300462
-0.402292,4,99.313183
-0.50207,5,99.326999
-0.424593,4,99.341871
-0.460636,4,99.353818
-0.217898,4,99.366114
-0.383073,4,99.377599
-0.256947,3,99.389399
-0.64589,6,99.41238
-0.493216,6,99.430375
-0.695459,6,99.448379
-0.404894,4,99.45889
-0.132022,2,99.465086
-0.464416,6,99.486669
-0.121894,2,99.493345
-1.389577,16,99.547374
-0.548955,5,99.565534
-0.417442,5,99.580305
-1.977277,24,99.656708
-0.447979,6,99.679075
-0.454088,4,99.690488
-0.252084,3,99.700097
-0.192905,3,99.712057
-0.515941,5,99.727111
-0.231324,3,99.739393
-1.279344,15,99.785147
-0.212961,3,99.795807
-0.133529,2,99.804944
-1.763496,18,99.858461
-0.121697,2,99.869135
-0.769033,10,99.897978
-0.989271,10,99.932703
-0.489927,6,99.95024
-0.82271,6,99.967828
-0.116368,2,99.973427
-0.254383,4,99.985579
-0.237825,4,100.003326
-0.581342,7,100.025034
-0.257921,4,100.037732
-0.245706,3,100.04774
-0.716177,7,100.072922
-0.824555,9,100.098397
-0.564377,6,100.118506
-0.136125,2,100.127041
-0.419995,5,100.141301
-0.597127,5,100.156939
-0.457292,4,100.171051
-0.395674,4,100.183051
-1.361275,12,100.224894
-0.032268,1,100.228757
-1.024734,10,100.260848
-0.086256,2,100.267064
-0.117162,2,100.274187
-0.193314,3,100.28477
-0.431041,7,100.305815
-0.630682,8,100.333698
-0.395607,4,100.346117
-0.664475,6,100.364267
-0.414757,5,100.377923
-0.049782,1,100.384112
-0.305421,4,100.397132
-0.21733,3,100.406173
-0.12713,2,100.411628
-0.555448,5,100.426804
-0.314822,4,100.441072
-0.410499,4,100.456527
-0.233476,3,100.465303
-0.357608,4,100.478441
-0.875741,10,100.5191
-0.039065,1,100.526675
-1.25591,13,100.573475
-0.17691,3,100.584709
-0.477485,7,100.613402
-0.471586,5,100.630223
-0.520651,5,100.648172
-0.087886,2,100.654794
-0.724874,9,100.692089
-0.390591,5,100.71219
-0.642666,8,100.739352
-0.459998,6,100.765995
-0.205952,3,100.781138
-1.011619,10,101.315653
-1.344284,16,101.38392
-0.630671,7,101.412143
-0.256473,3,101.425666
-1.246238,11,101.461491
-0.372544,4,101.475995
-0.112295,2,101.482083
-0.599888,9,101.510335
-1.432771,20,101.573968
-0.445314,4,101.58642
-0.201037,3,101.597609
-0.155582,3,101.607261
-0.530644,6,101.628255
-0.453419,4,101.640799
-0.233192,3,101.650161
-0.180771,3,101.659175
-0.195334,3,101.667694
-0.450984,4,101.683264
-0.101821,2,101.689826
-0.044131,1,101.693715
-0.47474,6,101.714523
-0.494957,5,101.73059
-0.164452,2,101.736749
-0.488205,4,101.751312
-0.378775,4,101.764034
-0.534926,4,101.775803
-0.322316,4,101.787904
-0.219986,3,101.798916
-0.49342,6,101.821409
-0.512293,5,101.837469
-0.32306,4,101.8525
-0.843245,7,101.876252
-0.08302,2,101.884611
-0.96904,10,101.916326
-0.96631,10,101.950409
-0.321498,4,101.962822
-0.115921,2,101.969332
-0.413982,6,101.989724
-0.432565,4,102.004382
-0.428733,4,102.018275
-0.79472,10,102.04886
-0.242642,3,102.057476
-0.614082,7,102.085175
-0.133616,2,102.09171
-0.276021,4,102.102687
-0.619362,9,102.1341
-0.49494,6,102.15913
-0.238845,3,102.170877
-0.308617,3,102.180169
-1.455224,14,102.228977
-1.026328,14,102.275681
-0.520876,6,102.298544
-0.249346,3,102.30903
-0.19486,3,102.320599
-0.580102,6,102.337816
-0.621049,7,102.363463
-0.375874,4,102.375264
-0.453975,4,102.387085
-1.098526,12,102.427383
-1.006403,10,102.455899
-0.229533,3,102.466965
-0.613662,8,102.496825
-0.287372,3,102.506643
-0.378898,4,102.520434
-1.162137,16,102.572347
-0.448005,6,102.589568
-1.339636,13,102.632417
-0.192033,3,102.644032
-0.309408,4,102.657618
-0.467839,5,102.674421
-0.628928,6,102.69552
-0.438151,5,102.712524
-1.398384,14,102.761063
-0.430414,5,102.776356
-0.497367,5,102.792534
-0.202538,3,102.801587
-0.527364,7,102.82568
-0.379819,4,102.839319
-0.517218,5,102.854493
-0.211588,3,102.865503
-0.506477,5,102.884253
-0.048831,1,102.88823
-0.293591,5,102.90968
-0.516051,8,102.937015
-0.565723,7,102.96078
-0.344237,3,102.974142
-0.230068,3,102.985655
-0.980272,12,103.027689
-0.275024,3,103.039325
-0.508854,6,103.559026
-0.216486,3,103.569255
-1.053797,10,103.606165
-0.223467,3,103.618099
-0.183185,3,103.628687
-0.374036,4,103.64414
-0.215377,3,103.655415
-0.419543,4,103.669385
-0.959021,12,103.717697
-0.438415,4,103.729765
-0.881125,6,103.748921
-0.707713,8,103.777179
-0.734061,8,103.803888
-0.989777,14,103.849536
-0.472738,6,103.869947
-0.102839,2,103.877923
-0.235609,3,103.887654
-0.136293,2,103.897771
-0.706674,7,103.92131
-0.196763,3,103.931021
-0.201063,3,103.939538
-2.138734,25,104.02542
-0.468272,7,104.05252
-0.436789,4,104.064687
-0.539838,6,104.084361
-0.101902,2,104.090738
-0.349165,4,104.107747
-0.48456,7,104.132128
-0.159805,3,104.142741
-0.45894,4,104.155364
-0.342085,5,104.17602
-0.429569,5,104.19373
-0.21714,4,104.207985
-0.388787,4,104.222038
-0.499881,6,104.242401
-0.39351,4,104.256349
-0.34074,4,104.270903
-0.611905,6,104.291602
-0.686367,7,104.31714
-0.529153,7,104.338602
-0.949114,12,104.37256
-0.343439,4,104.388678
-0.630546,8,104.414363
-0.807237,11,104.451519
-0.261338,4,104.465088
-0.201679,3,104.474519
-0.401328,4,104.486659
-0.182958,3,104.495429
-0.369642,5,104.5143
-0.597934,10,104.541622
-0.471469,5,104.557371
-0.410833,6,104.577556
-0.660808,6,104.597414
-0.213493,4,104.616475
-0.866654,8,104.6518
-0.385474,4,104.665305
-0.379792,4,104.678572
-0.639947,8,104.703315
-0.338443,4,104.722205
-0.188282,3,104.731076
-0.216366,3,104.740011
-0.845918,11,104.774936
-0.32888,4,104.793177
-0.12641,2,104.799217
-0.624289,6,104.816345
-0.104066,2,104.822086
-0.300041,4,104.833779
-1.229522,15,104.885541
-0.391333,6,104.902063
-0.772842,7,104.92698
-0.220597,3,104.935593
-0.836417,9,104.961132
-0.030547,1,104.964934
-0.370978,4,104.979586
-0.499358,5,104.997142
-0.467278,6,105.015633
-0.477501,4,105.027462
-0.728437,11,105.063435
-0.423726,6,105.082461
-0.269988,3,105.092375
-0.25806,3,105.101348
-0.18896,3,105.114181
-0.346771,4,105.125115
-0.195905,3,105.13421
-0.456689,5,105.150138
-1.127773,14,105.199145
-0.454348,5,105.214048
-0.231628,3,105.223011
-0.689999,9,105.263433
-0.934667,8,105.294335
-0.315567,3,105.305868
-0.378501,4,105.852537
-0.457174,4,105.87077
-0.560525,6,105.89937
-0.041281,1,105.905225
-0.107402,2,105.915148
-0.124723,2,105.922271
-0.230524,3,105.933385
-0.151005,3,105.949543
-0.222272,3,105.961962
-0.469496,6,105.985946
-0.153354,2,105.995373
-0.034397,1,105.999957
-0.31914,4,106.01701
-0.080848,2,106.024983
-0.327481,5,106.046563
-0.083922,2,106.05354
-0.341544,4,106.069723
-0.473291,5,106.086233
-0.119881,2,106.094744
-0.509438,7,106.125008
-0.98479,7,106.147047
-0.423872,6,106.164482
-0.535961,8,106.195575
-0.430606,6,106.214808
-0.469396,5,106.231915
-0.504916,7,106.257079
-0.393465,4,106.276464
-0.831127,9,106.318595
-0.200516,3,106.332922
-0.29618,4,106.350981
-0.042258,1,106.354007
-0.440631,5,106.372165
-0.558387,5,106.395021
-1.278758,13,106.455698
-0.331519,4,106.473253
-0.482316,4,106.491302
-0.209733,3,106.504003
-0.384439,4,106.526618
-0.125189,2,106.535548
-0.491878,8,106.564671
-0.66749,7,106.59644
-0.251249,3,106.614398
-0.319881,5,106.632814
-0.031951,1,106.63573
-0.421843,6,106.652327
-0.590092,7,106.675933
-0.364566,4,106.689006
-0.217194,3,106.69773
-0.124297,2,106.703127
-0.260663,4,106.716731
-0.374893,4,106.731966
-0.350624,4,106.763095
-0.301929,4,106.78203
-0.589328,7,106.808734
-0.207533,3,106.817235
-0.553264,5,106.842936
-0.271147,3,106.854679
-0.111984,2,106.861319
-0.384621,4,106.875438
-0.399278,4,106.887019
-0.278378,4,106.900076
-0.884806,7,106.932763
-0.211968,3,106.94123
-0.606512,6,106.961397
-0.240373,3,106.970299
-0.107501,2,106.976151
-0.584455,6,107.00763
-0.422742,4,107.018678
-0.113684,2,107.026176
-0.586782,7,107.047543
-0.511153,7,107.074397
-0.367446,4,107.088042
-0.479768,5,107.102736
-0.580294,8,107.131282
-0.451651,5,107.150292
-0.25219,4,107.164841
-0.364277,4,107.180335
-0.175237,3,107.190954
-0.149869,3,107.211325
-0.039832,1,107.214235
-0.199716,3,107.223686
-0.340931,5,107.238132
-1.167421,10,107.26816
-0.068732,2,107.285726
-0.078721,2,107.292318
-0.088443,2,107.29805
-0.580072,7,107.321226
-0.097019,2,107.329143
-0.373841,6,107.363664
-0.439537,4,107.376521
-0.668355,5,107.39457
-0.192725,3,107.40428
-0.098391,2,107.409968
-0.092689,2,107.415597
-0.282257,5,107.435138
-0.531609,5,107.450753
-0.17458,3,107.460157
-0.4014,6,107.482007
-0.484338,7,107.514748
-0.295959,5,107.529882
-0.613204,6,107.548557
-0.500464,6,107.566321
-0.512386,7,107.597715
-0.132729,2,107.604205
-0.745769,9,107.629346
-0.293054,3,107.641568
-0.423477,4,107.653407
-0.390785,4,107.669522
-0.405452,4,107.691562
-0.234856,3,107.704948
-0.429627,6,107.731772
-0.400282,4,107.748064
-0.282385,3,107.760109
-0.164156,3,107.77045
-0.33977,3,107.780864
-0.367112,5,107.80134
-0.452498,4,107.818222
-0.462906,6,108.386193
-0.934878,11,108.427114
-0.568136,6,108.445292
-0.416911,4,108.45664
-0.429212,4,108.468444
-1.247269,15,108.519042
-1.058921,15,108.564638
-0.547566,7,108.588748
-0.527239,5,108.60411
-0.135077,2,108.609753
-0.199102,3,108.621483
-0.514979,7,108.643025
-0.468704,4,108.654323
-0.336543,4,108.666335
-0.255993,3,108.675937
-0.706704,8,108.704377
-0.660227,5,108.722944
-0.271665,3,108.732322
-0.308505,4,108.746906
-0.791678,9,108.780314
-0.039299,1,108.783944
-0.605615,5,108.802177
-0.337505,4,108.814527
-0.899616,10,108.848716
-0.147097,3,108.858571
-0.018882,1,108.86165
-0.855496,9,108.891484
-0.451156,4,108.903884
-0.503448,6,108.925405
-0.11755,2,108.934153
-0.49314,5,108.951864
-0.204563,3,108.965843
-0.562537,6,108.986904
-0.100431,2,108.994683
-0.36233,5,109.010496
-0.139772,2,109.016352
-0.442378,4,109.032349
-0.463463,6,109.051291
-0.276795,4,109.063805
-0.098701,2,109.072626
-0.242636,3,109.087473
-0.643051,7,109.124568
-0.660785,6,109.150354
-0.103177,2,109.157273
-0.584526,8,109.180402
-0.249088,3,109.198254
-0.551022,6,109.221651
-0.1191,2,109.228632
-0.121513,2,109.234779
-0.214928,3,109.244703
-0.752273,9,109.284019
-0.538437,5,109.29989
-0.374317,4,109.314209
-0.02132,1,109.31872
-0.361021,4,109.337352
-0.68337,7,109.363206
-0.262757,4,109.3743
-0.397495,4,109.386214
-0.600723,8,109.41719
-0.300184,3,109.427552
-0.453213,4,109.439632
-0.537719,6,109.458437
-0.375988,4,109.472273
-0.086765,2,109.480039
-0.270332,5,109.498871
-0.400028,4,109.512053
-0.173563,3,109.520356
-0.407786,6,109.538052
-0.295035,4,109.551952
-0.038569,1,109.554744
-0.417527,4,109.566844
-0.627345,6,109.583395
-0.249632,3,109.595567
-0.427415,4,109.60779
-0.185771,3,109.619237
-0.235354,3,109.628805
-0.193419,3,109.638406
-0.46082,5,109.65315
-0.499071,4,109.666856
-0.424564,5,109.688594
-0.509414,7,109.707222
-0.181386,3,109.717095
-0.655976,8,109.74277
-0.019623,1,109.746046
-0.1837,3,109.755468
-0.245196,3,109.765149
-0.165542,3,109.774489
-1.31829,14,109.820031
-0.041664,1,109.823672
-1.117077,7,109.84693
-0.521326,5,109.863561
-0.119268,2,109.871792
-0.60726,8,109.900425
-0.049684,1,109.905256
-0.093927,2,109.913118
-0.418089,4,109.924313
-0.661522,5,109.938048
-0.688099,7,109.961591
-0.435041,4,109.973672
-0.155787,2,109.980509
-0.640937,5,109.999391
-0.433577,6,110.02186
-0.475471,6,110.044142
-0.498106,7,110.0687
-0.270481,3,110.080382
-0.191333,3,110.094541
-0.041544,1,110.098479
-0.132033,2,110.107405
-0.275716,3,110.119166
-0.66603,6,110.140178
-0.288662,3,110.151673
-0.379857,5,110.690984
-0.249517,3,110.7009
-0.23435,3,110.711682
-0.074402,2,110.717991
-0.966231,12,110.757671
-0.181816,3,110.768915
-0.444887,4,110.782205
-0.597207,8,110.808379
-0.197724,3,110.820574
-0.50033,6,110.838614
-0.288173,4,110.852199
-0.49574,4,110.865602
-0.473513,7,110.891569
-0.119409,2,110.898214
-0.271971,3,110.908269
-0.177362,3,110.917926
-0.492835,4,110.929507
-0.949859,11,110.96686
-0.145767,2,110.973172
-0.333863,5,110.988806
-0.108381,2,110.997007
-0.179284,3,111.005876
-0.154672,2,111.011522
-0.569898,8,111.039367
-0.180711,3,111.050097
-0.343021,4,111.061941
-0.571119,7,111.087714
-0.393436,5,111.104088
-0.366447,4,111.117054
-0.717325,8,111.140512
-0.398352,4,111.157136
-0.223761,3,111.166156
-0.167488,3,111.175583
-0.274805,4,111.187555
-0.079404,2,111.194818
-0.282088,3,111.204603
-0.455499,4,111.218112
-0.636795,6,111.237259
-0.424311,4,111.25093
-0.283636,3,111.259282
-0.391354,4,111.272166
-0.40306,4,111.288368
-0.343669,4,111.300962
-0.85927,10,111.334311
-0.170603,3,111.343725
-0.226926,4,111.362603
-0.874482,9,111.390143
-0.682322,7,111.412123
-0.773401,8,111.43869
-0.808448,7,111.462543
-0.365906,4,111.475949
-0.607767,7,111.499528
-0.417974,4,111.513402
-0.453481,5,111.528223
-0.12677,2,111.535315
-0.185315,3,111.54507
-0.399795,4,111.560532
-0.229325,3,111.569517
-0.880576,11,111.605235
-0.037868,1,111.608842
-0.529536,5,111.62727
-0.370926,4,111.642153
-0.35759,4,111.653661
-0.204008,3,111.661214
-0.496044,6,111.681922
-0.299523,3,111.693995
-0.206635,3,111.703674
-0.445092,4,111.719047
-0.017009,1,111.722347
-0.184639,3,111.730351
-0.215649,3,111.739499
-0.184747,3,111.748289
-0.252873,3,111.759806
-0.368038,4,111.773183
-0.394712,5,111.790053
-0.600119,8,111.816545
-0.450402,6,111.837547
-0.098427,2,111.845189
-0.631314,8,111.872743
-0.124593,2,111.880658
-0.086765,2,111.887268
-0.460798,5,111.905442
-0.103553,2,111.912961
-0.134266,3,111.922739
-0.346344,4,111.934409
-0.144583,2,111.940928
-0.125654,2,111.949415
-0.116953,2,111.955724
-0.072284,2,111.973391
-0.198756,3,111.98275
-0.121775,2,111.988361
-0.151643,2,111.995851
-0.506335,5,112.011035
-0.81157,9,112.050674
-0.129842,2,112.057354
-0.3458,3,112.066116
-0.018928,1,112.069284
-0.227961,3,112.080453
-0.181558,3,112.090888
-0.252058,3,112.099814
-0.254467,3,112.114636
-0.657052,9,112.141029
-0.469103,5,112.155519
-0.435062,4,112.167569
-0.233434,3,112.179663
-0.276576,4,112.193065
-0.121068,2,112.19917
-0.218462,3,112.207592
-0.300463,3,112.215525
-0.155976,3,112.224189
-0.164167,3,112.233579
-0.291021,3,112.251628
-0.443053,4,112.264545
-0.407046,5,112.284688
-0.210038,3,112.293617
-0.562547,6,112.321332
-0.45526,4,112.333013
-0.19277,3,112.341446
-0.260413,3,112.351605
-0.549247,8,112.376367
-0.541181,6,112.410862
-0.57999,8,112.96892
-0.314838,5,112.986579
-0.01916,1,112.990656
-0.229145,3,113.003511
-0.392938,4,113.019736
-0.537512,6,113.038445
-0.122029,2,113.045662
-0.394985,4,113.05754
-0.585189,7,113.083075
-0.702107,9,113.109275
-0.100774,2,113.115754
-0.630576,8,113.148525
-0.462729,5,113.164896
-0.286409,4,113.177259
-0.101282,2,113.187171
-0.377042,4,113.205042
-0.179037,3,113.222747
-0.416454,5,113.238949
-0.606299,8,113.268961
-0.315818,4,113.283079
-0.297413,5,113.299968
-0.66708,8,113.328481
-0.514912,6,113.351743
-0.234231,3,113.364881
-0.199643,3,113.375078
-0.668333,6,113.401152
-0.039409,1,113.40457
-0.624347,6,113.424135
-0.451078,5,113.448465
-1.025469,10,113.479495
-0.458592,5,113.494213
-0.89259,9,113.525668
-0.188984,3,113.533936
-0.770436,8,113.557917
-0.227668,3,113.567004
-0.402367,4,113.58291
-0.238872,3,113.594136
-0.291656,4,113.607615
-0.183423,3,113.616235
-1.298121,15,113.668714
-0.15226,3,113.679952
-0.099453,2,113.686445
-0.043359,1,113.689711
-0.278546,4,113.701725
-0.249519,3,113.717497
-0.212533,3,113.726361
-0.172232,3,113.734133
-0.360277,4,113.746236
-0.318166,4,113.758627
-0.275958,3,113.766496
-0.333305,4,113.780797
-0.474536,6,113.807431
-0.423127,6,113.832281
-0.258134,3,113.844246
-0.261337,3,113.855666
